UserID,FoodName,LikeDislike,Ingredients
33554,Salad,1,"Lettuce, Tomato, Cucumber, Olive Oil"
33554,Pasta,1,"Spaghetti, Tomato Sauce, Meatballs, Parmesan"
33554,Ice Cream,1,"Milk, Sugar, Vanilla, Chocolate Chips"
33554,Tacos,0,"Tortilla, Beef, Cheese, Salsa, Lettuce"
33554,Sushi,0,"Rice, Fish, Seaweed, Soy Sauce"
33554,Burger,0,"Bun, Beef Patty, Lettuce, Tomato, Cheese"
9428,Ice Cream,1,"Milk, Sugar, Vanilla, Chocolate Chips"
9428,Curry,0,"Chicken, Curry Sauce, Rice, Potato"
9428,Tacos,0,"Tortilla, Beef, Cheese, Salsa, Lettuce"
9428,Sushi,0,"Rice, Fish, Seaweed, Soy Sauce"
200,Ice Cream,1,"Milk, Sugar, Vanilla, Chocolate Chips"
200,Sushi,0,"Rice, Fish, Seaweed, Soy Sauce"
200,Pasta,0,"Spaghetti, Tomato Sauce, Meatballs, Parmesan"
12448,Salad,1,"Lettuce, Tomato, Cucumber, Olive Oil"
12448,Ice Cream,1,"Milk, Sugar, Vanilla, Chocolate Chips"
12448,Burger,1,"Bun, Beef Patty, Lettuce, Tomato, Cheese"
12448,Pasta,0,"Spaghetti, Tomato Sauce, Meatballs, Parmesan"
12448,Tacos,0,"Tortilla, Beef, Cheese, Salsa, Lettuce"
39490,Sushi,1,"Rice, Fish, Seaweed, Soy Sauce"
39490,Pasta,0,"Spaghetti, Tomato Sauce, Meatballs, Parmesan"
39490,Tacos,0,"Tortilla, Beef, Cheese, Salsa, Lettuce"
42725,Ice Cream,1,"Milk, Sugar, Vanilla, Chocolate Chips"
42725,Pasta,1,"Spaghetti, Tomato Sauce, Meatballs, Parmesan"
42725,Sushi,1,"Rice, Fish, Seaweed, Soy Sauce"
42725,Burger,0,"Bun, Beef Patty, Lettuce, Tomato, Cheese"
42725,Tacos,0,"Tortilla, Beef, Cheese, Salsa, Lettuce"
10823,Curry,1,"Chicken, Curry Sauce, Rice, Potato"
10823,Pizza,1,"Cheese, Tomato Sauce, Dough, Pepperoni"
10823,Sushi,1,"Rice, Fish, Seaweed, Soy Sauce"
10823,Tacos,0,"Tortilla, Beef, Cheese, Salsa, Lettuce"
10823,Burger,0,"Bun, Beef Patty, Lettuce, Tomato, Cheese"
49499,Salad,1,"Lettuce, Tomato, Cucumber, Olive Oil"
49499,Tacos,0,"Tortilla, Beef, Cheese, Salsa, Lettuce"
49499,Pizza,0,"Cheese, Tomato Sauce, Dough, Pepperoni"
4145,Curry,1,"Chicken, Curry Sauce, Rice, Potato"
4145,Burger,1,"Bun, Beef Patty, Lettuce, Tomato, Cheese"
4145,Pasta,0,"Spaghetti, Tomato Sauce, Meatballs, Parmesan"
36959,Salad,1,"Lettuce, Tomato, Cucumber, Olive Oil"
36959,Pizza,1,"Cheese, Tomato Sauce, Dough, Pepperoni"
36959,Burger,0,"Bun, Beef Patty, Lettuce, Tomato, Cheese"
36959,Tacos,0,"Tortilla, Beef, Cheese, Salsa, Lettuce"
36959,Curry,0,"Chicken, Curry Sauce, Rice, Potato"
43107,Pasta,1,"Spaghetti, Tomato Sauce, Meatballs, Parmesan"
43107,Burger,1,"Bun, Beef Patty, Lettuce, Tomato, Cheese"
43107,Tacos,1,"Tortilla, Beef, Cheese, Salsa, Lettuce"
43107,Curry,0,"Chicken, Curry Sauce, Rice, Potato"
43107,Ice Cream,0,"Milk, Sugar, Vanilla, Chocolate Chips"
38696,Pizza,1,"Cheese, Tomato Sauce, Dough, Pepperoni"
38696,Tacos,0,"Tortilla, Beef, Cheese, Salsa, Lettuce"
38696,Pasta,0,"Spaghetti, Tomato Sauce, Meatballs, Parmesan"
6189,Ice Cream,1,"Milk, Sugar, Vanilla, Chocolate Chips"
6189,Tacos,1,"Tortilla, Beef, Cheese, Salsa, Lettuce"
6189,Pizza,1,"Cheese, Tomato Sauce, Dough, Pepperoni"
6189,Pasta,0,"Spaghetti, Tomato Sauce, Meatballs, Parmesan"
6189,Burger,0,"Bun, Beef Patty, Lettuce, Tomato, Cheese"
1415,Burger,1,"Bun, Beef Patty, Lettuce, Tomato, Cheese"
1415,Salad,0,"Lettuce, Tomato, Cucumber, Olive Oil"
1415,Tacos,0,"Tortilla, Beef, Cheese, Salsa, Lettuce"
18472,Burger,1,"Bun, Beef Patty, Lettuce, Tomato, Cheese"
18472,Pasta,1,"Spaghetti, Tomato Sauce, Meatballs, Parmesan"
18472,Tacos,1,"Tortilla, Beef, Cheese, Salsa, Lettuce"
18472,Pizza,0,"Cheese, Tomato Sauce, Dough, Pepperoni"
18472,Sushi,0,"Rice, Fish, Seaweed, Soy Sauce"
29283,Pasta,1,"Spaghetti, Tomato Sauce, Meatballs, Parmesan"
29283,Tacos,1,"Tortilla, Beef, Cheese, Salsa, Lettuce"
29283,Sushi,1,"Rice, Fish, Seaweed, Soy Sauce"
29283,Burger,0,"Bun, Beef Patty, Lettuce, Tomato, Cheese"
15178,Sushi,1,"Rice, Fish, Seaweed, Soy Sauce"
15178,Ice Cream,1,"Milk, Sugar, Vanilla, Chocolate Chips"
15178,Curry,1,"Chicken, Curry Sauce, Rice, Potato"
15178,Tacos,0,"Tortilla, Beef, Cheese, Salsa, Lettuce"
15178,Pasta,0,"Spaghetti, Tomato Sauce, Meatballs, Parmesan"
15178,Pizza,0,"Cheese, Tomato Sauce, Dough, Pepperoni"
34305,Pasta,1,"Spaghetti, Tomato Sauce, Meatballs, Parmesan"
34305,Ice Cream,1,"Milk, Sugar, Vanilla, Chocolate Chips"
34305,Curry,1,"Chicken, Curry Sauce, Rice, Potato"
34305,Sushi,0,"Rice, Fish, Seaweed, Soy Sauce"
34305,Pizza,0,"Cheese, Tomato Sauce, Dough, Pepperoni"
12610,Curry,1,"Chicken, Curry Sauce, Rice, Potato"
12610,Tacos,1,"Tortilla, Beef, Cheese, Salsa, Lettuce"
12610,Salad,1,"Lettuce, Tomato, Cucumber, Olive Oil"
12610,Burger,0,"Bun, Beef Patty, Lettuce, Tomato, Cheese"
12145,Pizza,1,"Cheese, Tomato Sauce, Dough, Pepperoni"
12145,Burger,1,"Bun, Beef Patty, Lettuce, Tomato, Cheese"
12145,Curry,0,"Chicken, Curry Sauce, Rice, Potato"
12145,Ice Cream,0,"Milk, Sugar, Vanilla, Chocolate Chips"
12145,Salad,0,"Lettuce, Tomato, Cucumber, Olive Oil"
6114,Curry,1,"Chicken, Curry Sauce, Rice, Potato"
6114,Salad,1,"Lettuce, Tomato, Cucumber, Olive Oil"
6114,Sushi,1,"Rice, Fish, Seaweed, Soy Sauce"
6114,Burger,0,"Bun, Beef Patty, Lettuce, Tomato, Cheese"
6114,Pizza,0,"Cheese, Tomato Sauce, Dough, Pepperoni"
6114,Pasta,0,"Spaghetti, Tomato Sauce, Meatballs, Parmesan"
15909,Salad,1,"Lettuce, Tomato, Cucumber, Olive Oil"
15909,Tacos,1,"Tortilla, Beef, Cheese, Salsa, Lettuce"
15909,Ice Cream,1,"Milk, Sugar, Vanilla, Chocolate Chips"
15909,Sushi,0,"Rice, Fish, Seaweed, Soy Sauce"
15909,Pasta,0,"Spaghetti, Tomato Sauce, Meatballs, Parmesan"
15909,Curry,0,"Chicken, Curry Sauce, Rice, Potato"
822,Salad,1,"Lettuce, Tomato, Cucumber, Olive Oil"
822,Burger,1,"Bun, Beef Patty, Lettuce, Tomato, Cheese"
822,Pizza,0,"Cheese, Tomato Sauce, Dough, Pepperoni"
822,Tacos,0,"Tortilla, Beef, Cheese, Salsa, Lettuce"
822,Ice Cream,0,"Milk, Sugar, Vanilla, Chocolate Chips"
15119,Pizza,1,"Cheese, Tomato Sauce, Dough, Pepperoni"
15119,Sushi,1,"Rice, Fish, Seaweed, Soy Sauce"
15119,Salad,1,"Lettuce, Tomato, Cucumber, Olive Oil"
15119,Tacos,0,"Tortilla, Beef, Cheese, Salsa, Lettuce"
15119,Pasta,0,"Spaghetti, Tomato Sauce, Meatballs, Parmesan"
13467,Burger,1,"Bun, Beef Patty, Lettuce, Tomato, Cheese"
13467,Salad,1,"Lettuce, Tomato, Cucumber, Olive Oil"
13467,Sushi,0,"Rice, Fish, Seaweed, Soy Sauce"
26498,Ice Cream,1,"Milk, Sugar, Vanilla, Chocolate Chips"
26498,Sushi,1,"Rice, Fish, Seaweed, Soy Sauce"
26498,Burger,1,"Bun, Beef Patty, Lettuce, Tomato, Cheese"
26498,Pasta,0,"Spaghetti, Tomato Sauce, Meatballs, Parmesan"
42112,Burger,1,"Bun, Beef Patty, Lettuce, Tomato, Cheese"
42112,Tacos,0,"Tortilla, Beef, Cheese, Salsa, Lettuce"
42112,Salad,0,"Lettuce, Tomato, Cucumber, Olive Oil"
30189,Curry,1,"Chicken, Curry Sauce, Rice, Potato"
30189,Burger,0,"Bun, Beef Patty, Lettuce, Tomato, Cheese"
30189,Sushi,0,"Rice, Fish, Seaweed, Soy Sauce"
37238,Pasta,1,"Spaghetti, Tomato Sauce, Meatballs, Parmesan"
37238,Burger,1,"Bun, Beef Patty, Lettuce, Tomato, Cheese"
37238,Salad,1,"Lettuce, Tomato, Cucumber, Olive Oil"
37238,Sushi,0,"Rice, Fish, Seaweed, Soy Sauce"
37238,Pizza,0,"Cheese, Tomato Sauce, Dough, Pepperoni"
37238,Ice Cream,0,"Milk, Sugar, Vanilla, Chocolate Chips"
33110,Pizza,1,"Cheese, Tomato Sauce, Dough, Pepperoni"
33110,Sushi,0,"Rice, Fish, Seaweed, Soy Sauce"
33110,Ice Cream,0,"Milk, Sugar, Vanilla, Chocolate Chips"
36481,Pizza,1,"Cheese, Tomato Sauce, Dough, Pepperoni"
36481,Burger,1,"Bun, Beef Patty, Lettuce, Tomato, Cheese"
36481,Tacos,1,"Tortilla, Beef, Cheese, Salsa, Lettuce"
36481,Curry,0,"Chicken, Curry Sauce, Rice, Potato"
24149,Pasta,1,"Spaghetti, Tomato Sauce, Meatballs, Parmesan"
24149,Pizza,0,"Cheese, Tomato Sauce, Dough, Pepperoni"
5504,Salad,1,"Lettuce, Tomato, Cucumber, Olive Oil"
5504,Curry,1,"Chicken, Curry Sauce, Rice, Potato"
5504,Burger,1,"Bun, Beef Patty, Lettuce, Tomato, Cheese"
5504,Tacos,0,"Tortilla, Beef, Cheese, Salsa, Lettuce"
5504,Sushi,0,"Rice, Fish, Seaweed, Soy Sauce"
3919,Burger,1,"Bun, Beef Patty, Lettuce, Tomato, Cheese"
3919,Salad,0,"Lettuce, Tomato, Cucumber, Olive Oil"
3919,Pasta,0,"Spaghetti, Tomato Sauce, Meatballs, Parmesan"
3919,Pizza,0,"Cheese, Tomato Sauce, Dough, Pepperoni"
38479,Pizza,1,"Cheese, Tomato Sauce, Dough, Pepperoni"
38479,Burger,1,"Bun, Beef Patty, Lettuce, Tomato, Cheese"
38479,Curry,0,"Chicken, Curry Sauce, Rice, Potato"
21124,Pasta,1,"Spaghetti, Tomato Sauce, Meatballs, Parmesan"
21124,Salad,1,"Lettuce, Tomato, Cucumber, Olive Oil"
21124,Burger,1,"Bun, Beef Patty, Lettuce, Tomato, Cheese"
21124,Pizza,0,"Cheese, Tomato Sauce, Dough, Pepperoni"
21124,Tacos,0,"Tortilla, Beef, Cheese, Salsa, Lettuce"
21124,Curry,0,"Chicken, Curry Sauce, Rice, Potato"
49718,Ice Cream,1,"Milk, Sugar, Vanilla, Chocolate Chips"
49718,Tacos,1,"Tortilla, Beef, Cheese, Salsa, Lettuce"
49718,Salad,0,"Lettuce, Tomato, Cucumber, Olive Oil"
49718,Sushi,0,"Rice, Fish, Seaweed, Soy Sauce"
42295,Tacos,1,"Tortilla, Beef, Cheese, Salsa, Lettuce"
42295,Pasta,0,"Spaghetti, Tomato Sauce, Meatballs, Parmesan"
47610,Burger,1,"Bun, Beef Patty, Lettuce, Tomato, Cheese"
47610,Tacos,0,"Tortilla, Beef, Cheese, Salsa, Lettuce"
47610,Pasta,0,"Spaghetti, Tomato Sauce, Meatballs, Parmesan"
11077,Ice Cream,1,"Milk, Sugar, Vanilla, Chocolate Chips"
11077,Sushi,1,"Rice, Fish, Seaweed, Soy Sauce"
11077,Salad,0,"Lettuce, Tomato, Cucumber, Olive Oil"
41515,Pizza,1,"Cheese, Tomato Sauce, Dough, Pepperoni"
41515,Pasta,1,"Spaghetti, Tomato Sauce, Meatballs, Parmesan"
41515,Curry,1,"Chicken, Curry Sauce, Rice, Potato"
41515,Tacos,0,"Tortilla, Beef, Cheese, Salsa, Lettuce"
22063,Burger,1,"Bun, Beef Patty, Lettuce, Tomato, Cheese"
22063,Salad,1,"Lettuce, Tomato, Cucumber, Olive Oil"
22063,Pizza,1,"Cheese, Tomato Sauce, Dough, Pepperoni"
22063,Tacos,0,"Tortilla, Beef, Cheese, Salsa, Lettuce"
9414,Sushi,1,"Rice, Fish, Seaweed, Soy Sauce"
9414,Salad,0,"Lettuce, Tomato, Cucumber, Olive Oil"
38341,Ice Cream,1,"Milk, Sugar, Vanilla, Chocolate Chips"
38341,Salad,1,"Lettuce, Tomato, Cucumber, Olive Oil"
38341,Pasta,0,"Spaghetti, Tomato Sauce, Meatballs, Parmesan"
30264,Ice Cream,1,"Milk, Sugar, Vanilla, Chocolate Chips"
30264,Sushi,1,"Rice, Fish, Seaweed, Soy Sauce"
30264,Pasta,0,"Spaghetti, Tomato Sauce, Meatballs, Parmesan"
30264,Salad,0,"Lettuce, Tomato, Cucumber, Olive Oil"
30264,Burger,0,"Bun, Beef Patty, Lettuce, Tomato, Cheese"
41253,Sushi,1,"Rice, Fish, Seaweed, Soy Sauce"
41253,Pasta,1,"Spaghetti, Tomato Sauce, Meatballs, Parmesan"
41253,Curry,0,"Chicken, Curry Sauce, Rice, Potato"
14645,Pizza,1,"Cheese, Tomato Sauce, Dough, Pepperoni"
14645,Tacos,1,"Tortilla, Beef, Cheese, Salsa, Lettuce"
14645,Burger,0,"Bun, Beef Patty, Lettuce, Tomato, Cheese"
26336,Salad,1,"Lettuce, Tomato, Cucumber, Olive Oil"
26336,Pizza,1,"Cheese, Tomato Sauce, Dough, Pepperoni"
26336,Curry,0,"Chicken, Curry Sauce, Rice, Potato"
28103,Burger,1,"Bun, Beef Patty, Lettuce, Tomato, Cheese"
28103,Curry,0,"Chicken, Curry Sauce, Rice, Potato"
28103,Pasta,0,"Spaghetti, Tomato Sauce, Meatballs, Parmesan"
17524,Curry,1,"Chicken, Curry Sauce, Rice, Potato"
17524,Ice Cream,1,"Milk, Sugar, Vanilla, Chocolate Chips"
17524,Pizza,0,"Cheese, Tomato Sauce, Dough, Pepperoni"
17524,Salad,0,"Lettuce, Tomato, Cucumber, Olive Oil"
24713,Burger,1,"Bun, Beef Patty, Lettuce, Tomato, Cheese"
24713,Salad,0,"Lettuce, Tomato, Cucumber, Olive Oil"
24713,Pasta,0,"Spaghetti, Tomato Sauce, Meatballs, Parmesan"
24713,Pizza,0,"Cheese, Tomato Sauce, Dough, Pepperoni"
40486,Pasta,1,"Spaghetti, Tomato Sauce, Meatballs, Parmesan"
40486,Pizza,1,"Cheese, Tomato Sauce, Dough, Pepperoni"
40486,Ice Cream,0,"Milk, Sugar, Vanilla, Chocolate Chips"
40486,Curry,0,"Chicken, Curry Sauce, Rice, Potato"
40486,Salad,0,"Lettuce, Tomato, Cucumber, Olive Oil"
3851,Pizza,1,"Cheese, Tomato Sauce, Dough, Pepperoni"
3851,Salad,0,"Lettuce, Tomato, Cucumber, Olive Oil"
3851,Sushi,0,"Rice, Fish, Seaweed, Soy Sauce"
40041,Tacos,1,"Tortilla, Beef, Cheese, Salsa, Lettuce"
40041,Salad,1,"Lettuce, Tomato, Cucumber, Olive Oil"
40041,Sushi,0,"Rice, Fish, Seaweed, Soy Sauce"
15268,Tacos,1,"Tortilla, Beef, Cheese, Salsa, Lettuce"
15268,Salad,0,"Lettuce, Tomato, Cucumber, Olive Oil"
49147,Burger,1,"Bun, Beef Patty, Lettuce, Tomato, Cheese"
49147,Pizza,0,"Cheese, Tomato Sauce, Dough, Pepperoni"
49147,Tacos,0,"Tortilla, Beef, Cheese, Salsa, Lettuce"
49147,Pasta,0,"Spaghetti, Tomato Sauce, Meatballs, Parmesan"
30002,Curry,1,"Chicken, Curry Sauce, Rice, Potato"
30002,Tacos,1,"Tortilla, Beef, Cheese, Salsa, Lettuce"
30002,Pasta,0,"Spaghetti, Tomato Sauce, Meatballs, Parmesan"
45927,Ice Cream,1,"Milk, Sugar, Vanilla, Chocolate Chips"
45927,Tacos,1,"Tortilla, Beef, Cheese, Salsa, Lettuce"
45927,Burger,0,"Bun, Beef Patty, Lettuce, Tomato, Cheese"
43825,Ice Cream,1,"Milk, Sugar, Vanilla, Chocolate Chips"
43825,Sushi,1,"Rice, Fish, Seaweed, Soy Sauce"
43825,Salad,1,"Lettuce, Tomato, Cucumber, Olive Oil"
43825,Tacos,0,"Tortilla, Beef, Cheese, Salsa, Lettuce"
43825,Curry,0,"Chicken, Curry Sauce, Rice, Potato"
17241,Curry,1,"Chicken, Curry Sauce, Rice, Potato"
17241,Pasta,1,"Spaghetti, Tomato Sauce, Meatballs, Parmesan"
17241,Salad,0,"Lettuce, Tomato, Cucumber, Olive Oil"
17241,Tacos,0,"Tortilla, Beef, Cheese, Salsa, Lettuce"
4893,Sushi,1,"Rice, Fish, Seaweed, Soy Sauce"
4893,Curry,0,"Chicken, Curry Sauce, Rice, Potato"
726,Ice Cream,1,"Milk, Sugar, Vanilla, Chocolate Chips"
726,Burger,0,"Bun, Beef Patty, Lettuce, Tomato, Cheese"
726,Sushi,0,"Rice, Fish, Seaweed, Soy Sauce"
726,Pasta,0,"Spaghetti, Tomato Sauce, Meatballs, Parmesan"
22950,Burger,1,"Bun, Beef Patty, Lettuce, Tomato, Cheese"
22950,Salad,1,"Lettuce, Tomato, Cucumber, Olive Oil"
22950,Ice Cream,0,"Milk, Sugar, Vanilla, Chocolate Chips"
34658,Sushi,1,"Rice, Fish, Seaweed, Soy Sauce"
34658,Ice Cream,0,"Milk, Sugar, Vanilla, Chocolate Chips"
34658,Salad,0,"Lettuce, Tomato, Cucumber, Olive Oil"
34658,Burger,0,"Bun, Beef Patty, Lettuce, Tomato, Cheese"
37214,Curry,1,"Chicken, Curry Sauce, Rice, Potato"
37214,Tacos,1,"Tortilla, Beef, Cheese, Salsa, Lettuce"
37214,Pizza,0,"Cheese, Tomato Sauce, Dough, Pepperoni"
37214,Sushi,0,"Rice, Fish, Seaweed, Soy Sauce"
37214,Ice Cream,0,"Milk, Sugar, Vanilla, Chocolate Chips"
20305,Salad,1,"Lettuce, Tomato, Cucumber, Olive Oil"
20305,Sushi,0,"Rice, Fish, Seaweed, Soy Sauce"
20305,Ice Cream,0,"Milk, Sugar, Vanilla, Chocolate Chips"
20305,Tacos,0,"Tortilla, Beef, Cheese, Salsa, Lettuce"
15270,Salad,1,"Lettuce, Tomato, Cucumber, Olive Oil"
15270,Curry,1,"Chicken, Curry Sauce, Rice, Potato"
15270,Ice Cream,1,"Milk, Sugar, Vanilla, Chocolate Chips"
15270,Sushi,0,"Rice, Fish, Seaweed, Soy Sauce"
15270,Tacos,0,"Tortilla, Beef, Cheese, Salsa, Lettuce"
22368,Curry,1,"Chicken, Curry Sauce, Rice, Potato"
22368,Burger,0,"Bun, Beef Patty, Lettuce, Tomato, Cheese"
22368,Salad,0,"Lettuce, Tomato, Cucumber, Olive Oil"
22368,Ice Cream,0,"Milk, Sugar, Vanilla, Chocolate Chips"
42685,Ice Cream,1,"Milk, Sugar, Vanilla, Chocolate Chips"
42685,Burger,1,"Bun, Beef Patty, Lettuce, Tomato, Cheese"
42685,Tacos,1,"Tortilla, Beef, Cheese, Salsa, Lettuce"
42685,Curry,0,"Chicken, Curry Sauce, Rice, Potato"
42685,Pizza,0,"Cheese, Tomato Sauce, Dough, Pepperoni"
46735,Curry,1,"Chicken, Curry Sauce, Rice, Potato"
46735,Tacos,1,"Tortilla, Beef, Cheese, Salsa, Lettuce"
46735,Pizza,0,"Cheese, Tomato Sauce, Dough, Pepperoni"
11733,Ice Cream,1,"Milk, Sugar, Vanilla, Chocolate Chips"
11733,Sushi,0,"Rice, Fish, Seaweed, Soy Sauce"
11733,Salad,0,"Lettuce, Tomato, Cucumber, Olive Oil"
18620,Burger,1,"Bun, Beef Patty, Lettuce, Tomato, Cheese"
18620,Ice Cream,1,"Milk, Sugar, Vanilla, Chocolate Chips"
18620,Pasta,1,"Spaghetti, Tomato Sauce, Meatballs, Parmesan"
18620,Tacos,0,"Tortilla, Beef, Cheese, Salsa, Lettuce"
18620,Salad,0,"Lettuce, Tomato, Cucumber, Olive Oil"
18620,Sushi,0,"Rice, Fish, Seaweed, Soy Sauce"
48493,Ice Cream,1,"Milk, Sugar, Vanilla, Chocolate Chips"
48493,Pasta,1,"Spaghetti, Tomato Sauce, Meatballs, Parmesan"
48493,Pizza,1,"Cheese, Tomato Sauce, Dough, Pepperoni"
48493,Tacos,0,"Tortilla, Beef, Cheese, Salsa, Lettuce"
48493,Salad,0,"Lettuce, Tomato, Cucumber, Olive Oil"
26804,Curry,1,"Chicken, Curry Sauce, Rice, Potato"
26804,Pasta,0,"Spaghetti, Tomato Sauce, Meatballs, Parmesan"
26804,Pizza,0,"Cheese, Tomato Sauce, Dough, Pepperoni"
44306,Curry,1,"Chicken, Curry Sauce, Rice, Potato"
44306,Sushi,0,"Rice, Fish, Seaweed, Soy Sauce"
44306,Tacos,0,"Tortilla, Beef, Cheese, Salsa, Lettuce"
47523,Pasta,1,"Spaghetti, Tomato Sauce, Meatballs, Parmesan"
47523,Salad,1,"Lettuce, Tomato, Cucumber, Olive Oil"
47523,Burger,1,"Bun, Beef Patty, Lettuce, Tomato, Cheese"
47523,Curry,0,"Chicken, Curry Sauce, Rice, Potato"
47523,Pizza,0,"Cheese, Tomato Sauce, Dough, Pepperoni"
32208,Pasta,1,"Spaghetti, Tomato Sauce, Meatballs, Parmesan"
32208,Burger,0,"Bun, Beef Patty, Lettuce, Tomato, Cheese"
32208,Sushi,0,"Rice, Fish, Seaweed, Soy Sauce"
32208,Ice Cream,0,"Milk, Sugar, Vanilla, Chocolate Chips"
2531,Pasta,1,"Spaghetti, Tomato Sauce, Meatballs, Parmesan"
2531,Ice Cream,1,"Milk, Sugar, Vanilla, Chocolate Chips"
2531,Pizza,0,"Cheese, Tomato Sauce, Dough, Pepperoni"
2531,Burger,0,"Bun, Beef Patty, Lettuce, Tomato, Cheese"
2531,Tacos,0,"Tortilla, Beef, Cheese, Salsa, Lettuce"
17747,Burger,1,"Bun, Beef Patty, Lettuce, Tomato, Cheese"
17747,Pasta,0,"Spaghetti, Tomato Sauce, Meatballs, Parmesan"
17747,Ice Cream,0,"Milk, Sugar, Vanilla, Chocolate Chips"
8271,Curry,1,"Chicken, Curry Sauce, Rice, Potato"
8271,Ice Cream,1,"Milk, Sugar, Vanilla, Chocolate Chips"
8271,Burger,0,"Bun, Beef Patty, Lettuce, Tomato, Cheese"
8271,Pizza,0,"Cheese, Tomato Sauce, Dough, Pepperoni"
8271,Tacos,0,"Tortilla, Beef, Cheese, Salsa, Lettuce"
15080,Pizza,1,"Cheese, Tomato Sauce, Dough, Pepperoni"
15080,Salad,1,"Lettuce, Tomato, Cucumber, Olive Oil"
15080,Ice Cream,1,"Milk, Sugar, Vanilla, Chocolate Chips"
15080,Tacos,0,"Tortilla, Beef, Cheese, Salsa, Lettuce"
13625,Curry,1,"Chicken, Curry Sauce, Rice, Potato"
13625,Sushi,0,"Rice, Fish, Seaweed, Soy Sauce"
30639,Curry,1,"Chicken, Curry Sauce, Rice, Potato"
30639,Burger,1,"Bun, Beef Patty, Lettuce, Tomato, Cheese"
30639,Salad,1,"Lettuce, Tomato, Cucumber, Olive Oil"
30639,Sushi,0,"Rice, Fish, Seaweed, Soy Sauce"
30639,Pizza,0,"Cheese, Tomato Sauce, Dough, Pepperoni"
30441,Curry,1,"Chicken, Curry Sauce, Rice, Potato"
30441,Pizza,1,"Cheese, Tomato Sauce, Dough, Pepperoni"
30441,Salad,0,"Lettuce, Tomato, Cucumber, Olive Oil"
30441,Tacos,0,"Tortilla, Beef, Cheese, Salsa, Lettuce"
30441,Pasta,0,"Spaghetti, Tomato Sauce, Meatballs, Parmesan"
36057,Burger,1,"Bun, Beef Patty, Lettuce, Tomato, Cheese"
36057,Curry,1,"Chicken, Curry Sauce, Rice, Potato"
36057,Tacos,1,"Tortilla, Beef, Cheese, Salsa, Lettuce"
36057,Ice Cream,0,"Milk, Sugar, Vanilla, Chocolate Chips"
42652,Tacos,1,"Tortilla, Beef, Cheese, Salsa, Lettuce"
42652,Ice Cream,1,"Milk, Sugar, Vanilla, Chocolate Chips"
42652,Burger,0,"Bun, Beef Patty, Lettuce, Tomato, Cheese"
36804,Pizza,1,"Cheese, Tomato Sauce, Dough, Pepperoni"
36804,Sushi,1,"Rice, Fish, Seaweed, Soy Sauce"
36804,Ice Cream,1,"Milk, Sugar, Vanilla, Chocolate Chips"
36804,Pasta,0,"Spaghetti, Tomato Sauce, Meatballs, Parmesan"
36804,Curry,0,"Chicken, Curry Sauce, Rice, Potato"
36804,Tacos,0,"Tortilla, Beef, Cheese, Salsa, Lettuce"
48225,Tacos,1,"Tortilla, Beef, Cheese, Salsa, Lettuce"
48225,Pasta,1,"Spaghetti, Tomato Sauce, Meatballs, Parmesan"
48225,Sushi,1,"Rice, Fish, Seaweed, Soy Sauce"
48225,Salad,0,"Lettuce, Tomato, Cucumber, Olive Oil"
48225,Pizza,0,"Cheese, Tomato Sauce, Dough, Pepperoni"
48225,Ice Cream,0,"Milk, Sugar, Vanilla, Chocolate Chips"
29227,Pasta,1,"Spaghetti, Tomato Sauce, Meatballs, Parmesan"
29227,Ice Cream,0,"Milk, Sugar, Vanilla, Chocolate Chips"
29227,Curry,0,"Chicken, Curry Sauce, Rice, Potato"
29227,Salad,0,"Lettuce, Tomato, Cucumber, Olive Oil"
5634,Burger,1,"Bun, Beef Patty, Lettuce, Tomato, Cheese"
5634,Salad,0,"Lettuce, Tomato, Cucumber, Olive Oil"
5988,Tacos,1,"Tortilla, Beef, Cheese, Salsa, Lettuce"
5988,Pasta,0,"Spaghetti, Tomato Sauce, Meatballs, Parmesan"
5988,Pizza,0,"Cheese, Tomato Sauce, Dough, Pepperoni"
48064,Salad,1,"Lettuce, Tomato, Cucumber, Olive Oil"
48064,Tacos,1,"Tortilla, Beef, Cheese, Salsa, Lettuce"
48064,Pizza,0,"Cheese, Tomato Sauce, Dough, Pepperoni"
1813,Ice Cream,1,"Milk, Sugar, Vanilla, Chocolate Chips"
1813,Burger,0,"Bun, Beef Patty, Lettuce, Tomato, Cheese"
1813,Curry,0,"Chicken, Curry Sauce, Rice, Potato"
1813,Salad,0,"Lettuce, Tomato, Cucumber, Olive Oil"
27579,Tacos,1,"Tortilla, Beef, Cheese, Salsa, Lettuce"
27579,Salad,1,"Lettuce, Tomato, Cucumber, Olive Oil"
27579,Sushi,0,"Rice, Fish, Seaweed, Soy Sauce"
16824,Burger,1,"Bun, Beef Patty, Lettuce, Tomato, Cheese"
16824,Sushi,0,"Rice, Fish, Seaweed, Soy Sauce"
16824,Curry,0,"Chicken, Curry Sauce, Rice, Potato"
3929,Curry,1,"Chicken, Curry Sauce, Rice, Potato"
3929,Sushi,1,"Rice, Fish, Seaweed, Soy Sauce"
3929,Burger,1,"Bun, Beef Patty, Lettuce, Tomato, Cheese"
3929,Tacos,0,"Tortilla, Beef, Cheese, Salsa, Lettuce"
37287,Tacos,1,"Tortilla, Beef, Cheese, Salsa, Lettuce"
37287,Salad,0,"Lettuce, Tomato, Cucumber, Olive Oil"
37287,Pasta,0,"Spaghetti, Tomato Sauce, Meatballs, Parmesan"
37287,Ice Cream,0,"Milk, Sugar, Vanilla, Chocolate Chips"
25046,Pasta,1,"Spaghetti, Tomato Sauce, Meatballs, Parmesan"
25046,Salad,1,"Lettuce, Tomato, Cucumber, Olive Oil"
25046,Ice Cream,1,"Milk, Sugar, Vanilla, Chocolate Chips"
25046,Burger,0,"Bun, Beef Patty, Lettuce, Tomato, Cheese"
25046,Tacos,0,"Tortilla, Beef, Cheese, Salsa, Lettuce"
25046,Pizza,0,"Cheese, Tomato Sauce, Dough, Pepperoni"
15728,Tacos,1,"Tortilla, Beef, Cheese, Salsa, Lettuce"
15728,Salad,1,"Lettuce, Tomato, Cucumber, Olive Oil"
15728,Burger,0,"Bun, Beef Patty, Lettuce, Tomato, Cheese"
15728,Curry,0,"Chicken, Curry Sauce, Rice, Potato"
29601,Curry,1,"Chicken, Curry Sauce, Rice, Potato"
29601,Burger,1,"Bun, Beef Patty, Lettuce, Tomato, Cheese"
29601,Sushi,0,"Rice, Fish, Seaweed, Soy Sauce"
29601,Pasta,0,"Spaghetti, Tomato Sauce, Meatballs, Parmesan"
29601,Salad,0,"Lettuce, Tomato, Cucumber, Olive Oil"
